env_id,scenario,run,seed,detector,threshold_mode,empirical_threshold,max_statistic,tau,alarm_time,has_change,false_alarm,detected,delay,run_length,censored,selected_channels,argmax_time,argmax_channel,argmax_arm
HalfCheetah-v5,no_shift,0,63000000,CADET_screened,empirical_statistic,0.8,0.6809031826156442,,,False,False,False,,600,False,35,231,25,dynamics
HalfCheetah-v5,no_shift,0,63000000,MMD_screened,empirical_statistic,1.2582431932699585,1.0899583304759544,,,False,False,False,,600,False,35,462,8,mmd
HalfCheetah-v5,no_shift,1,63001009,CADET_screened,empirical_statistic,0.8,0.6953265423262259,,,False,False,False,,600,False,35,111,32,dynamics
HalfCheetah-v5,no_shift,1,63001009,MMD_screened,empirical_statistic,1.2582431932699585,0.7722858465706987,,,False,False,False,,600,False,35,558,28,mmd
HalfCheetah-v5,no_shift,2,63002018,CADET_screened,empirical_statistic,0.8,0.6666666666666667,,,False,False,False,,600,False,35,225,11,scale
HalfCheetah-v5,no_shift,2,63002018,MMD_screened,empirical_statistic,1.2582431932699585,0.6768981473787128,,,False,False,False,,600,False,35,600,20,mmd
HalfCheetah-v5,no_shift,3,63003027,CADET_screened,empirical_statistic,0.8,0.6666666666666667,,,False,False,False,,600,False,35,240,10,scale
HalfCheetah-v5,no_shift,3,63003027,MMD_screened,empirical_statistic,1.2582431932699585,0.8923464404856449,,,False,False,False,,600,False,35,569,31,mmd
HalfCheetah-v5,no_shift,4,63004036,CADET_screened,empirical_statistic,0.8,0.6666666666666667,,,False,False,False,,600,False,35,465,13,scale
HalfCheetah-v5,no_shift,4,63004036,MMD_screened,empirical_statistic,1.2582431932699585,0.7609571053404677,,,False,False,False,,600,False,35,539,25,mmd
HalfCheetah-v5,no_shift,5,63005045,CADET_screened,empirical_statistic,0.8,0.6154343576576167,,,False,False,False,,600,False,35,171,34,dynamics
HalfCheetah-v5,no_shift,5,63005045,MMD_screened,empirical_statistic,1.2582431932699585,0.4045283903359671,,,False,False,False,,600,False,35,99,32,mmd
HalfCheetah-v5,no_shift,6,63006054,CADET_screened,empirical_statistic,0.8,0.6666666666666667,,,False,False,False,,600,False,35,240,32,scale
HalfCheetah-v5,no_shift,6,63006054,MMD_screened,empirical_statistic,1.2582431932699585,0.5575758774819326,,,False,False,False,,600,False,35,172,9,mmd
HalfCheetah-v5,no_shift,7,63007063,CADET_screened,empirical_statistic,0.8,0.6105235865482792,,,False,False,False,,600,False,35,141,20,dynamics
HalfCheetah-v5,no_shift,7,63007063,MMD_screened,empirical_statistic,1.2582431932699585,0.9823461817656611,,,False,False,False,,600,False,35,569,30,mmd
HalfCheetah-v5,no_shift,8,63008072,CADET_screened,empirical_statistic,0.8,0.6406275769769343,,,False,False,False,,600,False,35,171,8,dynamics
HalfCheetah-v5,no_shift,8,63008072,MMD_screened,empirical_statistic,1.2582431932699585,0.842222651571164,,,False,False,False,,600,False,35,412,26,mmd
HalfCheetah-v5,no_shift,9,63009081,CADET_screened,empirical_statistic,0.8,0.6666666666666667,,,False,False,False,,600,False,35,150,21,scale
HalfCheetah-v5,no_shift,9,63009081,MMD_screened,empirical_statistic,1.2582431932699585,0.7277242849627779,,,False,False,False,,600,False,35,516,4,mmd
HalfCheetah-v5,no_shift,10,63010090,CADET_screened,empirical_statistic,0.8,0.6666666666666667,,,False,False,False,,600,False,35,390,12,scale
HalfCheetah-v5,no_shift,10,63010090,MMD_screened,empirical_statistic,1.2582431932699585,0.7376781233609419,,,False,False,False,,600,False,35,542,4,mmd
HalfCheetah-v5,no_shift,11,63011099,CADET_screened,empirical_statistic,0.8,0.610710084794463,,,False,False,False,,600,False,35,111,15,dynamics
HalfCheetah-v5,no_shift,11,63011099,MMD_screened,empirical_statistic,1.2582431932699585,0.3389625965523798,,,False,False,False,,600,False,35,556,25,mmd
HalfCheetah-v5,no_shift,12,63012108,CADET_screened,empirical_statistic,0.8,0.7333333333333334,,,False,False,False,,600,False,35,135,9,scale
HalfCheetah-v5,no_shift,12,63012108,MMD_screened,empirical_statistic,1.2582431932699585,0.914376338212254,,,False,False,False,,600,False,35,597,13,mmd
HalfCheetah-v5,no_shift,13,63013117,CADET_screened,empirical_statistic,0.8,0.6666666666666667,,,False,False,False,,600,False,35,330,9,scale
HalfCheetah-v5,no_shift,13,63013117,MMD_screened,empirical_statistic,1.2582431932699585,0.5644522174187138,,,False,False,False,,600,False,35,541,32,mmd
HalfCheetah-v5,no_shift,14,63014126,CADET_screened,empirical_statistic,0.8,0.6,,,False,False,False,,600,False,35,420,11,scale
HalfCheetah-v5,no_shift,14,63014126,MMD_screened,empirical_statistic,1.2582431932699585,0.5790214641166542,,,False,False,False,,600,False,35,586,24,mmd
HalfCheetah-v5,no_shift,15,63015135,CADET_screened,empirical_statistic,0.8,0.6,,,False,False,False,,600,False,35,120,22,scale
HalfCheetah-v5,no_shift,15,63015135,MMD_screened,empirical_statistic,1.2582431932699585,0.6488890689343926,,,False,False,False,,600,False,35,540,24,mmd
HalfCheetah-v5,no_shift,16,63016144,CADET_screened,empirical_statistic,0.8,0.8,,,False,False,False,,600,False,35,585,32,scale
HalfCheetah-v5,no_shift,16,63016144,MMD_screened,empirical_statistic,1.2582431932699585,0.9507368790110785,,,False,False,False,,600,False,35,586,23,mmd
HalfCheetah-v5,no_shift,17,63017153,CADET_screened,empirical_statistic,0.8,0.6686686900290678,,,False,False,False,,600,False,35,141,33,dynamics
HalfCheetah-v5,no_shift,17,63017153,MMD_screened,empirical_statistic,1.2582431932699585,0.7133297573778448,,,False,False,False,,600,False,35,498,32,mmd
HalfCheetah-v5,no_shift,18,63018162,CADET_screened,empirical_statistic,0.8,0.7333333333333334,,,False,False,False,,600,False,35,210,27,scale
HalfCheetah-v5,no_shift,18,63018162,MMD_screened,empirical_statistic,1.2582431932699585,0.7286345241311347,,,False,False,False,,600,False,35,447,15,mmd
HalfCheetah-v5,no_shift,19,63019171,CADET_screened,empirical_statistic,0.8,0.6000000000000001,,,False,False,False,,600,False,35,300,34,scale
HalfCheetah-v5,no_shift,19,63019171,MMD_screened,empirical_statistic,1.2582431932699585,0.7442783070374981,,,False,False,False,,600,False,35,589,22,mmd
HalfCheetah-v5,gravity,0,63045865,CADET_screened,empirical_statistic,0.8,1.0,300.0,315.0,True,False,True,15.0,600,False,35,315,4,scale
HalfCheetah-v5,gravity,0,63045865,MMD_screened,empirical_statistic,1.2582431932699585,1.4100753849599528,300.0,315.0,True,False,True,15.0,600,False,35,348,34,mmd
HalfCheetah-v5,gravity,1,63046874,CADET_screened,empirical_statistic,0.8,1.0,300.0,315.0,True,False,True,15.0,600,False,35,315,4,scale
HalfCheetah-v5,gravity,1,63046874,MMD_screened,empirical_statistic,1.2582431932699585,1.3535724992201403,300.0,315.0,True,False,True,15.0,600,False,35,402,21,mmd
HalfCheetah-v5,gravity,2,63047883,CADET_screened,empirical_statistic,0.8,1.0,300.0,315.0,True,False,True,15.0,600,False,35,315,4,scale
HalfCheetah-v5,gravity,2,63047883,MMD_screened,empirical_statistic,1.2582431932699585,1.2691833002765078,300.0,340.0,True,False,True,40.0,600,False,35,524,21,mmd
HalfCheetah-v5,gravity,3,63048892,CADET_screened,empirical_statistic,0.8,1.0,300.0,315.0,True,False,True,15.0,600,False,35,315,4,scale
HalfCheetah-v5,gravity,3,63048892,MMD_screened,empirical_statistic,1.2582431932699585,1.423402994736486,300.0,315.0,True,False,True,15.0,600,False,35,374,24,mmd
HalfCheetah-v5,gravity,4,63049901,CADET_screened,empirical_statistic,0.8,1.0,300.0,315.0,True,False,True,15.0,600,False,35,315,4,scale
HalfCheetah-v5,gravity,4,63049901,MMD_screened,empirical_statistic,1.2582431932699585,1.3820044761757375,300.0,315.0,True,False,True,15.0,600,False,35,518,8,mmd
HalfCheetah-v5,gravity,5,63050910,CADET_screened,empirical_statistic,0.8,1.0,300.0,315.0,True,False,True,15.0,600,False,35,315,4,scale
HalfCheetah-v5,gravity,5,63050910,MMD_screened,empirical_statistic,1.2582431932699585,1.364588779720587,300.0,314.0,True,False,True,14.0,600,False,35,414,21,mmd
HalfCheetah-v5,gravity,6,63051919,CADET_screened,empirical_statistic,0.8,1.0,300.0,315.0,True,False,True,15.0,600,False,35,315,4,scale
HalfCheetah-v5,gravity,6,63051919,MMD_screened,empirical_statistic,1.2582431932699585,1.3359526069111742,300.0,315.0,True,False,True,15.0,600,False,35,591,15,mmd
HalfCheetah-v5,gravity,7,63052928,CADET_screened,empirical_statistic,0.8,1.0,300.0,315.0,True,False,True,15.0,600,False,35,315,4,scale
HalfCheetah-v5,gravity,7,63052928,MMD_screened,empirical_statistic,1.2582431932699585,1.4080165711083183,300.0,315.0,True,False,True,15.0,600,False,35,478,21,mmd
HalfCheetah-v5,gravity,8,63053937,CADET_screened,empirical_statistic,0.8,1.0,300.0,315.0,True,False,True,15.0,600,False,35,315,4,scale
HalfCheetah-v5,gravity,8,63053937,MMD_screened,empirical_statistic,1.2582431932699585,1.374939428400398,300.0,315.0,True,False,True,15.0,600,False,35,521,14,mmd
HalfCheetah-v5,gravity,9,63054946,CADET_screened,empirical_statistic,0.8,1.0,300.0,315.0,True,False,True,15.0,600,False,35,315,4,scale
HalfCheetah-v5,gravity,9,63054946,MMD_screened,empirical_statistic,1.2582431932699585,1.3649277409245903,300.0,315.0,True,False,True,15.0,600,False,35,381,34,mmd
HalfCheetah-v5,gravity,10,63055955,CADET_screened,empirical_statistic,0.8,1.0,300.0,315.0,True,False,True,15.0,600,False,35,315,4,scale
HalfCheetah-v5,gravity,10,63055955,MMD_screened,empirical_statistic,1.2582431932699585,1.3936503088904295,300.0,315.0,True,False,True,15.0,600,False,35,493,25,mmd
HalfCheetah-v5,gravity,11,63056964,CADET_screened,empirical_statistic,0.8,1.0,300.0,315.0,True,False,True,15.0,600,False,35,315,4,scale
HalfCheetah-v5,gravity,11,63056964,MMD_screened,empirical_statistic,1.2582431932699585,1.4338039842455572,300.0,315.0,True,False,True,15.0,600,False,35,315,13,mmd
HalfCheetah-v5,gravity,12,63057973,CADET_screened,empirical_statistic,0.8,1.0,300.0,315.0,True,False,True,15.0,600,False,35,315,7,scale
HalfCheetah-v5,gravity,12,63057973,MMD_screened,empirical_statistic,1.2582431932699585,1.3511806867045144,300.0,315.0,True,False,True,15.0,600,False,35,359,7,mmd
HalfCheetah-v5,gravity,13,63058982,CADET_screened,empirical_statistic,0.8,1.0,300.0,315.0,True,False,True,15.0,600,False,35,315,4,scale
HalfCheetah-v5,gravity,13,63058982,MMD_screened,empirical_statistic,1.2582431932699585,1.4460073587428095,300.0,315.0,True,False,True,15.0,600,False,35,317,21,mmd
HalfCheetah-v5,gravity,14,63059991,CADET_screened,empirical_statistic,0.8,1.0,300.0,315.0,True,False,True,15.0,600,False,35,315,4,scale
HalfCheetah-v5,gravity,14,63059991,MMD_screened,empirical_statistic,1.2582431932699585,1.3237140792505573,300.0,315.0,True,False,True,15.0,600,False,35,315,15,mmd
HalfCheetah-v5,gravity,15,63061000,CADET_screened,empirical_statistic,0.8,1.0,300.0,315.0,True,False,True,15.0,600,False,35,315,4,scale
HalfCheetah-v5,gravity,15,63061000,MMD_screened,empirical_statistic,1.2582431932699585,1.4286903750857585,300.0,315.0,True,False,True,15.0,600,False,35,568,25,mmd
HalfCheetah-v5,gravity,16,63062009,CADET_screened,empirical_statistic,0.8,1.0,300.0,315.0,True,False,True,15.0,600,False,35,315,4,scale
HalfCheetah-v5,gravity,16,63062009,MMD_screened,empirical_statistic,1.2582431932699585,1.3962454414276315,300.0,315.0,True,False,True,15.0,600,False,35,507,25,mmd
HalfCheetah-v5,gravity,17,63063018,CADET_screened,empirical_statistic,0.8,1.0,300.0,315.0,True,False,True,15.0,600,False,35,315,4,scale
HalfCheetah-v5,gravity,17,63063018,MMD_screened,empirical_statistic,1.2582431932699585,1.346298833485924,300.0,315.0,True,False,True,15.0,600,False,35,428,4,mmd
HalfCheetah-v5,gravity,18,63064027,CADET_screened,empirical_statistic,0.8,1.0,300.0,315.0,True,False,True,15.0,600,False,35,315,4,scale
HalfCheetah-v5,gravity,18,63064027,MMD_screened,empirical_statistic,1.2582431932699585,1.3611761511604032,300.0,315.0,True,False,True,15.0,600,False,35,416,34,mmd
HalfCheetah-v5,gravity,19,63065036,CADET_screened,empirical_statistic,0.8,1.0,300.0,315.0,True,False,True,15.0,600,False,35,315,4,scale
HalfCheetah-v5,gravity,19,63065036,MMD_screened,empirical_statistic,1.2582431932699585,1.384893525523222,300.0,315.0,True,False,True,15.0,600,False,35,514,34,mmd
HalfCheetah-v5,friction,0,63055038,CADET_screened,empirical_statistic,0.8,0.7333333333333334,300.0,,True,False,False,300.0,600,True,35,315,7,scale
HalfCheetah-v5,friction,0,63055038,MMD_screened,empirical_statistic,1.2582431932699585,0.6858389167892158,300.0,,True,False,False,300.0,600,True,35,455,12,mmd
HalfCheetah-v5,friction,1,63056047,CADET_screened,empirical_statistic,0.8,0.7333333333333333,300.0,,True,False,False,300.0,600,True,35,435,4,scale
HalfCheetah-v5,friction,1,63056047,MMD_screened,empirical_statistic,1.2582431932699585,0.7553430162629224,300.0,,True,False,False,300.0,600,True,35,304,13,mmd
HalfCheetah-v5,friction,2,63057056,CADET_screened,empirical_statistic,0.8,0.6666666666666667,300.0,,True,False,False,300.0,600,True,35,120,23,scale
HalfCheetah-v5,friction,2,63057056,MMD_screened,empirical_statistic,1.2582431932699585,0.953464189276497,300.0,,True,False,False,300.0,600,True,35,577,20,mmd
HalfCheetah-v5,friction,3,63058065,CADET_screened,empirical_statistic,0.8,0.7333333333333334,300.0,,True,False,False,300.0,600,True,35,405,16,scale
HalfCheetah-v5,friction,3,63058065,MMD_screened,empirical_statistic,1.2582431932699585,0.7670375047345181,300.0,,True,False,False,300.0,600,True,35,579,22,mmd
HalfCheetah-v5,friction,4,63059074,CADET_screened,empirical_statistic,0.8,0.6666666666666667,300.0,,True,False,False,300.0,600,True,35,570,9,scale
HalfCheetah-v5,friction,4,63059074,MMD_screened,empirical_statistic,1.2582431932699585,0.8630044724909463,300.0,,True,False,False,300.0,600,True,35,572,12,mmd
HalfCheetah-v5,friction,5,63060083,CADET_screened,empirical_statistic,0.8,0.7333333333333334,300.0,,True,False,False,300.0,600,True,35,105,12,scale
HalfCheetah-v5,friction,5,63060083,MMD_screened,empirical_statistic,1.2582431932699585,0.7077044176451754,300.0,,True,False,False,300.0,600,True,35,527,33,mmd
HalfCheetah-v5,friction,6,63061092,CADET_screened,empirical_statistic,0.8,0.6346154307905661,300.0,,True,False,False,300.0,600,True,35,261,4,dynamics
HalfCheetah-v5,friction,6,63061092,MMD_screened,empirical_statistic,1.2582431932699585,0.9621352733302989,300.0,,True,False,False,300.0,600,True,35,448,16,mmd
HalfCheetah-v5,friction,7,63062101,CADET_screened,empirical_statistic,0.8,0.6666666666666667,300.0,,True,False,False,300.0,600,True,35,315,23,scale
HalfCheetah-v5,friction,7,63062101,MMD_screened,empirical_statistic,1.2582431932699585,1.1095241683783326,300.0,,True,False,False,300.0,600,True,35,537,13,mmd
HalfCheetah-v5,friction,8,63063110,CADET_screened,empirical_statistic,0.8,0.6666666666666667,300.0,,True,False,False,300.0,600,True,35,225,14,scale
HalfCheetah-v5,friction,8,63063110,MMD_screened,empirical_statistic,1.2582431932699585,0.8940712064796882,300.0,,True,False,False,300.0,600,True,35,593,24,mmd
HalfCheetah-v5,friction,9,63064119,CADET_screened,empirical_statistic,0.8,0.6283973608205606,300.0,,True,False,False,300.0,600,True,35,201,12,dynamics
HalfCheetah-v5,friction,9,63064119,MMD_screened,empirical_statistic,1.2582431932699585,0.6356452498573048,300.0,,True,False,False,300.0,600,True,35,598,20,mmd
HalfCheetah-v5,friction,10,63065128,CADET_screened,empirical_statistic,0.8,0.7333333333333334,300.0,,True,False,False,300.0,600,True,35,570,32,scale
HalfCheetah-v5,friction,10,63065128,MMD_screened,empirical_statistic,1.2582431932699585,0.7534713942440936,300.0,,True,False,False,300.0,600,True,35,194,24,mmd
HalfCheetah-v5,friction,11,63066137,CADET_screened,empirical_statistic,0.8,0.6666666666666667,300.0,,True,False,False,300.0,600,True,35,315,14,scale
HalfCheetah-v5,friction,11,63066137,MMD_screened,empirical_statistic,1.2582431932699585,0.4768594430636921,300.0,,True,False,False,300.0,600,True,35,590,24,mmd
HalfCheetah-v5,friction,12,63067146,CADET_screened,empirical_statistic,0.8,0.8,300.0,,True,False,False,300.0,600,True,35,495,9,scale
HalfCheetah-v5,friction,12,63067146,MMD_screened,empirical_statistic,1.2582431932699585,0.9858718592991456,300.0,,True,False,False,300.0,600,True,35,548,14,mmd
HalfCheetah-v5,friction,13,63068155,CADET_screened,empirical_statistic,0.8,0.7333333333333334,300.0,,True,False,False,300.0,600,True,35,315,23,scale
HalfCheetah-v5,friction,13,63068155,MMD_screened,empirical_statistic,1.2582431932699585,0.4226865261854912,300.0,,True,False,False,300.0,600,True,35,579,20,mmd
HalfCheetah-v5,friction,14,63069164,CADET_screened,empirical_statistic,0.8,0.8666666666666667,300.0,210.0,True,True,False,300.0,600,True,35,210,28,scale
HalfCheetah-v5,friction,14,63069164,MMD_screened,empirical_statistic,1.2582431932699585,0.7655996584228503,300.0,,True,False,False,300.0,600,True,35,574,33,mmd
HalfCheetah-v5,friction,15,63070173,CADET_screened,empirical_statistic,0.8,0.6734347768756141,300.0,,True,False,False,300.0,600,True,35,291,7,dynamics
HalfCheetah-v5,friction,15,63070173,MMD_screened,empirical_statistic,1.2582431932699585,1.3163130927913511,300.0,331.0,True,False,True,31.0,600,False,35,573,11,mmd
HalfCheetah-v5,friction,16,63071182,CADET_screened,empirical_statistic,0.8,0.6205128656618868,300.0,,True,False,False,300.0,600,True,35,261,16,dynamics
HalfCheetah-v5,friction,16,63071182,MMD_screened,empirical_statistic,1.2582431932699585,0.7940250621960567,300.0,,True,False,False,300.0,600,True,35,483,9,mmd
HalfCheetah-v5,friction,17,63072191,CADET_screened,empirical_statistic,0.8,0.7333333333333334,300.0,,True,False,False,300.0,600,True,35,315,10,scale
HalfCheetah-v5,friction,17,63072191,MMD_screened,empirical_statistic,1.2582431932699585,0.8626248302638114,300.0,,True,False,False,300.0,600,True,35,141,13,mmd
HalfCheetah-v5,friction,18,63073200,CADET_screened,empirical_statistic,0.8,0.6666666666666666,300.0,,True,False,False,300.0,600,True,35,330,29,scale
HalfCheetah-v5,friction,18,63073200,MMD_screened,empirical_statistic,1.2582431932699585,0.604772367153994,300.0,,True,False,False,300.0,600,True,35,568,22,mmd
HalfCheetah-v5,friction,19,63074209,CADET_screened,empirical_statistic,0.8,0.6666666666666667,300.0,,True,False,False,300.0,600,True,35,375,20,scale
HalfCheetah-v5,friction,19,63074209,MMD_screened,empirical_statistic,1.2582431932699585,0.6359230593568549,300.0,,True,False,False,300.0,600,True,35,515,29,mmd
Walker2d-v5,no_shift,0,63104729,CADET_screened,empirical_statistic,0.0,0.0,,,False,False,False,,600,False,9,90,0,scale
Walker2d-v5,no_shift,0,63104729,MMD_screened,empirical_statistic,0.0,0.0,,,False,False,False,,600,False,9,95,0,mmd
Walker2d-v5,no_shift,1,63105738,CADET_screened,empirical_statistic,0.0,0.0,,,False,False,False,,600,False,9,90,0,scale
Walker2d-v5,no_shift,1,63105738,MMD_screened,empirical_statistic,0.0,0.0,,,False,False,False,,600,False,9,95,0,mmd
Walker2d-v5,no_shift,2,63106747,CADET_screened,empirical_statistic,0.0,0.0,,,False,False,False,,600,False,9,90,0,scale
Walker2d-v5,no_shift,2,63106747,MMD_screened,empirical_statistic,0.0,0.0,,,False,False,False,,600,False,9,95,0,mmd
Walker2d-v5,no_shift,3,63107756,CADET_screened,empirical_statistic,0.0,0.0,,,False,False,False,,600,False,9,90,0,scale
Walker2d-v5,no_shift,3,63107756,MMD_screened,empirical_statistic,0.0,0.0,,,False,False,False,,600,False,9,95,0,mmd
Walker2d-v5,no_shift,4,63108765,CADET_screened,empirical_statistic,0.0,0.0,,,False,False,False,,600,False,9,90,0,scale
Walker2d-v5,no_shift,4,63108765,MMD_screened,empirical_statistic,0.0,0.0,,,False,False,False,,600,False,9,95,0,mmd
Walker2d-v5,no_shift,5,63109774,CADET_screened,empirical_statistic,0.0,0.0,,,False,False,False,,600,False,9,90,0,scale
Walker2d-v5,no_shift,5,63109774,MMD_screened,empirical_statistic,0.0,0.0,,,False,False,False,,600,False,9,95,0,mmd
Walker2d-v5,no_shift,6,63110783,CADET_screened,empirical_statistic,0.0,0.0,,,False,False,False,,600,False,9,90,0,scale
Walker2d-v5,no_shift,6,63110783,MMD_screened,empirical_statistic,0.0,0.0,,,False,False,False,,600,False,9,95,0,mmd
Walker2d-v5,no_shift,7,63111792,CADET_screened,empirical_statistic,0.0,0.0,,,False,False,False,,600,False,9,90,0,scale
Walker2d-v5,no_shift,7,63111792,MMD_screened,empirical_statistic,0.0,0.0,,,False,False,False,,600,False,9,95,0,mmd
Walker2d-v5,no_shift,8,63112801,CADET_screened,empirical_statistic,0.0,0.0,,,False,False,False,,600,False,9,90,0,scale
Walker2d-v5,no_shift,8,63112801,MMD_screened,empirical_statistic,0.0,0.0,,,False,False,False,,600,False,9,95,0,mmd
Walker2d-v5,no_shift,9,63113810,CADET_screened,empirical_statistic,0.0,0.0,,,False,False,False,,600,False,9,90,0,scale
Walker2d-v5,no_shift,9,63113810,MMD_screened,empirical_statistic,0.0,0.0,,,False,False,False,,600,False,9,95,0,mmd
Walker2d-v5,no_shift,10,63114819,CADET_screened,empirical_statistic,0.0,0.0,,,False,False,False,,600,False,9,90,0,scale
Walker2d-v5,no_shift,10,63114819,MMD_screened,empirical_statistic,0.0,0.0,,,False,False,False,,600,False,9,95,0,mmd
Walker2d-v5,no_shift,11,63115828,CADET_screened,empirical_statistic,0.0,0.0,,,False,False,False,,600,False,9,90,0,scale
Walker2d-v5,no_shift,11,63115828,MMD_screened,empirical_statistic,0.0,0.0,,,False,False,False,,600,False,9,95,0,mmd
Walker2d-v5,no_shift,12,63116837,CADET_screened,empirical_statistic,0.0,0.0,,,False,False,False,,600,False,9,90,0,scale
Walker2d-v5,no_shift,12,63116837,MMD_screened,empirical_statistic,0.0,0.0,,,False,False,False,,600,False,9,95,0,mmd
Walker2d-v5,no_shift,13,63117846,CADET_screened,empirical_statistic,0.0,0.0,,,False,False,False,,600,False,9,90,0,scale
Walker2d-v5,no_shift,13,63117846,MMD_screened,empirical_statistic,0.0,0.0,,,False,False,False,,600,False,9,95,0,mmd
Walker2d-v5,no_shift,14,63118855,CADET_screened,empirical_statistic,0.0,0.0,,,False,False,False,,600,False,9,90,0,scale
Walker2d-v5,no_shift,14,63118855,MMD_screened,empirical_statistic,0.0,0.0,,,False,False,False,,600,False,9,95,0,mmd
Walker2d-v5,no_shift,15,63119864,CADET_screened,empirical_statistic,0.0,0.0,,,False,False,False,,600,False,9,90,0,scale
Walker2d-v5,no_shift,15,63119864,MMD_screened,empirical_statistic,0.0,0.0,,,False,False,False,,600,False,9,95,0,mmd
Walker2d-v5,no_shift,16,63120873,CADET_screened,empirical_statistic,0.0,0.0,,,False,False,False,,600,False,9,90,0,scale
Walker2d-v5,no_shift,16,63120873,MMD_screened,empirical_statistic,0.0,0.0,,,False,False,False,,600,False,9,95,0,mmd
Walker2d-v5,no_shift,17,63121882,CADET_screened,empirical_statistic,0.0,0.0,,,False,False,False,,600,False,9,90,0,scale
Walker2d-v5,no_shift,17,63121882,MMD_screened,empirical_statistic,0.0,0.0,,,False,False,False,,600,False,9,95,0,mmd
Walker2d-v5,no_shift,18,63122891,CADET_screened,empirical_statistic,0.0,0.0,,,False,False,False,,600,False,9,90,0,scale
Walker2d-v5,no_shift,18,63122891,MMD_screened,empirical_statistic,0.0,0.0,,,False,False,False,,600,False,9,95,0,mmd
Walker2d-v5,no_shift,19,63123900,CADET_screened,empirical_statistic,0.0,0.0,,,False,False,False,,600,False,9,90,0,scale
Walker2d-v5,no_shift,19,63123900,MMD_screened,empirical_statistic,0.0,0.0,,,False,False,False,,600,False,9,95,0,mmd
Walker2d-v5,gravity,0,63150594,CADET_screened,empirical_statistic,0.0,0.0,300.0,,True,False,False,300.0,600,True,9,90,0,scale
Walker2d-v5,gravity,0,63150594,MMD_screened,empirical_statistic,0.0,0.0,300.0,,True,False,False,300.0,600,True,9,95,0,mmd
Walker2d-v5,gravity,1,63151603,CADET_screened,empirical_statistic,0.0,0.0,300.0,,True,False,False,300.0,600,True,9,90,0,scale
Walker2d-v5,gravity,1,63151603,MMD_screened,empirical_statistic,0.0,0.0,300.0,,True,False,False,300.0,600,True,9,95,0,mmd
Walker2d-v5,gravity,2,63152612,CADET_screened,empirical_statistic,0.0,0.0,300.0,,True,False,False,300.0,600,True,9,90,0,scale
Walker2d-v5,gravity,2,63152612,MMD_screened,empirical_statistic,0.0,0.0,300.0,,True,False,False,300.0,600,True,9,95,0,mmd
Walker2d-v5,gravity,3,63153621,CADET_screened,empirical_statistic,0.0,0.0,300.0,,True,False,False,300.0,600,True,9,90,0,scale
Walker2d-v5,gravity,3,63153621,MMD_screened,empirical_statistic,0.0,0.0,300.0,,True,False,False,300.0,600,True,9,95,0,mmd
Walker2d-v5,gravity,4,63154630,CADET_screened,empirical_statistic,0.0,0.0,300.0,,True,False,False,300.0,600,True,9,90,0,scale
Walker2d-v5,gravity,4,63154630,MMD_screened,empirical_statistic,0.0,0.0,300.0,,True,False,False,300.0,600,True,9,95,0,mmd
Walker2d-v5,gravity,5,63155639,CADET_screened,empirical_statistic,0.0,0.0,300.0,,True,False,False,300.0,600,True,9,90,0,scale
Walker2d-v5,gravity,5,63155639,MMD_screened,empirical_statistic,0.0,0.0,300.0,,True,False,False,300.0,600,True,9,95,0,mmd
Walker2d-v5,gravity,6,63156648,CADET_screened,empirical_statistic,0.0,0.0,300.0,,True,False,False,300.0,600,True,9,90,0,scale
Walker2d-v5,gravity,6,63156648,MMD_screened,empirical_statistic,0.0,0.0,300.0,,True,False,False,300.0,600,True,9,95,0,mmd
Walker2d-v5,gravity,7,63157657,CADET_screened,empirical_statistic,0.0,0.0,300.0,,True,False,False,300.0,600,True,9,90,0,scale
Walker2d-v5,gravity,7,63157657,MMD_screened,empirical_statistic,0.0,0.0,300.0,,True,False,False,300.0,600,True,9,95,0,mmd
Walker2d-v5,gravity,8,63158666,CADET_screened,empirical_statistic,0.0,0.0,300.0,,True,False,False,300.0,600,True,9,90,0,scale
Walker2d-v5,gravity,8,63158666,MMD_screened,empirical_statistic,0.0,0.0,300.0,,True,False,False,300.0,600,True,9,95,0,mmd
Walker2d-v5,gravity,9,63159675,CADET_screened,empirical_statistic,0.0,0.0,300.0,,True,False,False,300.0,600,True,9,90,0,scale
Walker2d-v5,gravity,9,63159675,MMD_screened,empirical_statistic,0.0,0.0,300.0,,True,False,False,300.0,600,True,9,95,0,mmd
Walker2d-v5,gravity,10,63160684,CADET_screened,empirical_statistic,0.0,0.0,300.0,,True,False,False,300.0,600,True,9,90,0,scale
Walker2d-v5,gravity,10,63160684,MMD_screened,empirical_statistic,0.0,0.0,300.0,,True,False,False,300.0,600,True,9,95,0,mmd
Walker2d-v5,gravity,11,63161693,CADET_screened,empirical_statistic,0.0,0.0,300.0,,True,False,False,300.0,600,True,9,90,0,scale
Walker2d-v5,gravity,11,63161693,MMD_screened,empirical_statistic,0.0,0.0,300.0,,True,False,False,300.0,600,True,9,95,0,mmd
Walker2d-v5,gravity,12,63162702,CADET_screened,empirical_statistic,0.0,0.0,300.0,,True,False,False,300.0,600,True,9,90,0,scale
Walker2d-v5,gravity,12,63162702,MMD_screened,empirical_statistic,0.0,0.0,300.0,,True,False,False,300.0,600,True,9,95,0,mmd
Walker2d-v5,gravity,13,63163711,CADET_screened,empirical_statistic,0.0,0.0,300.0,,True,False,False,300.0,600,True,9,90,0,scale
Walker2d-v5,gravity,13,63163711,MMD_screened,empirical_statistic,0.0,0.0,300.0,,True,False,False,300.0,600,True,9,95,0,mmd
Walker2d-v5,gravity,14,63164720,CADET_screened,empirical_statistic,0.0,0.0,300.0,,True,False,False,300.0,600,True,9,90,0,scale
Walker2d-v5,gravity,14,63164720,MMD_screened,empirical_statistic,0.0,0.0,300.0,,True,False,False,300.0,600,True,9,95,0,mmd
Walker2d-v5,gravity,15,63165729,CADET_screened,empirical_statistic,0.0,0.0,300.0,,True,False,False,300.0,600,True,9,90,0,scale
Walker2d-v5,gravity,15,63165729,MMD_screened,empirical_statistic,0.0,0.0,300.0,,True,False,False,300.0,600,True,9,95,0,mmd
Walker2d-v5,gravity,16,63166738,CADET_screened,empirical_statistic,0.0,0.0,300.0,,True,False,False,300.0,600,True,9,90,0,scale
Walker2d-v5,gravity,16,63166738,MMD_screened,empirical_statistic,0.0,0.0,300.0,,True,False,False,300.0,600,True,9,95,0,mmd
Walker2d-v5,gravity,17,63167747,CADET_screened,empirical_statistic,0.0,0.0,300.0,,True,False,False,300.0,600,True,9,90,0,scale
Walker2d-v5,gravity,17,63167747,MMD_screened,empirical_statistic,0.0,0.0,300.0,,True,False,False,300.0,600,True,9,95,0,mmd
Walker2d-v5,gravity,18,63168756,CADET_screened,empirical_statistic,0.0,0.0,300.0,,True,False,False,300.0,600,True,9,90,0,scale
Walker2d-v5,gravity,18,63168756,MMD_screened,empirical_statistic,0.0,0.0,300.0,,True,False,False,300.0,600,True,9,95,0,mmd
Walker2d-v5,gravity,19,63169765,CADET_screened,empirical_statistic,0.0,0.0,300.0,,True,False,False,300.0,600,True,9,90,0,scale
Walker2d-v5,gravity,19,63169765,MMD_screened,empirical_statistic,0.0,0.0,300.0,,True,False,False,300.0,600,True,9,95,0,mmd
Walker2d-v5,friction,0,63159767,CADET_screened,empirical_statistic,0.0,0.5333333333333333,300.0,315.0,True,False,True,15.0,600,False,9,585,6,scale
Walker2d-v5,friction,0,63159767,MMD_screened,empirical_statistic,0.0,0.20165943279876175,300.0,314.0,True,False,True,14.0,600,False,9,581,6,mmd
Walker2d-v5,friction,1,63160776,CADET_screened,empirical_statistic,0.0,0.5333333333333333,300.0,405.0,True,False,True,105.0,600,False,9,405,3,scale
Walker2d-v5,friction,1,63160776,MMD_screened,empirical_statistic,0.0,0.20912207288189144,300.0,395.0,True,False,True,95.0,600,False,9,442,3,mmd
Walker2d-v5,friction,2,63161785,CADET_screened,empirical_statistic,0.0,0.4483336088024023,300.0,531.0,True,False,True,231.0,600,False,9,591,3,dynamics
Walker2d-v5,friction,2,63161785,MMD_screened,empirical_statistic,0.0,0.04563288728260617,300.0,532.0,True,False,True,232.0,600,False,9,593,3,mmd
Walker2d-v5,friction,3,63162794,CADET_screened,empirical_statistic,0.0,0.5333333333333333,300.0,315.0,True,False,True,15.0,600,False,9,330,6,scale
Walker2d-v5,friction,3,63162794,MMD_screened,empirical_statistic,0.0,0.7060548186342408,300.0,312.0,True,False,True,12.0,600,False,9,324,6,mmd
Walker2d-v5,friction,4,63163803,CADET_screened,empirical_statistic,0.0,0.0,300.0,,True,False,False,300.0,600,True,9,90,0,scale
Walker2d-v5,friction,4,63163803,MMD_screened,empirical_statistic,0.0,0.0,300.0,,True,False,False,300.0,600,True,9,95,0,mmd
Walker2d-v5,friction,5,63164812,CADET_screened,empirical_statistic,0.0,0.5333333333333333,300.0,315.0,True,False,True,15.0,600,False,9,375,6,scale
Walker2d-v5,friction,5,63164812,MMD_screened,empirical_statistic,0.0,0.21409355130433538,300.0,306.0,True,False,True,6.0,600,False,9,379,6,mmd
Walker2d-v5,friction,6,63165821,CADET_screened,empirical_statistic,0.0,0.5333333333333333,300.0,330.0,True,False,True,30.0,600,False,9,375,3,scale
Walker2d-v5,friction,6,63165821,MMD_screened,empirical_statistic,0.0,0.21919911722800522,300.0,329.0,True,False,True,29.0,600,False,9,375,3,mmd
Walker2d-v5,friction,7,63166830,CADET_screened,empirical_statistic,0.0,0.6666666666666667,300.0,315.0,True,False,True,15.0,600,False,9,570,3,scale
Walker2d-v5,friction,7,63166830,MMD_screened,empirical_statistic,0.0,0.8259017019076684,300.0,316.0,True,False,True,16.0,600,False,9,505,3,mmd
Walker2d-v5,friction,8,63167839,CADET_screened,empirical_statistic,0.0,0.8,300.0,321.0,True,False,True,21.0,600,False,9,330,6,scale
Walker2d-v5,friction,8,63167839,MMD_screened,empirical_statistic,0.0,0.5112232611662841,300.0,320.0,True,False,True,20.0,600,False,9,330,6,mmd
Walker2d-v5,friction,9,63168848,CADET_screened,empirical_statistic,0.0,0.9333333333333333,300.0,315.0,True,False,True,15.0,600,False,9,420,6,scale
Walker2d-v5,friction,9,63168848,MMD_screened,empirical_statistic,0.0,0.836633432588505,300.0,316.0,True,False,True,16.0,600,False,9,392,3,mmd
Walker2d-v5,friction,10,63169857,CADET_screened,empirical_statistic,0.0,0.6843119228578649,300.0,315.0,True,False,True,15.0,600,False,9,411,3,dynamics
Walker2d-v5,friction,10,63169857,MMD_screened,empirical_statistic,0.0,0.8229836663769199,300.0,309.0,True,False,True,9.0,600,False,9,322,3,mmd
Walker2d-v5,friction,11,63170866,CADET_screened,empirical_statistic,0.0,0.5333333333333333,300.0,315.0,True,False,True,15.0,600,False,9,465,3,scale
Walker2d-v5,friction,11,63170866,MMD_screened,empirical_statistic,0.0,0.22249093610764392,300.0,310.0,True,False,True,10.0,600,False,9,498,3,mmd
Walker2d-v5,friction,12,63171875,CADET_screened,empirical_statistic,0.0,0.7333333333333334,300.0,315.0,True,False,True,15.0,600,False,9,375,3,scale
Walker2d-v5,friction,12,63171875,MMD_screened,empirical_statistic,0.0,0.8471935806620468,300.0,313.0,True,False,True,13.0,600,False,9,582,3,mmd
Walker2d-v5,friction,13,63172884,CADET_screened,empirical_statistic,0.0,0.6666666666666666,300.0,315.0,True,False,True,15.0,600,False,9,450,3,scale
Walker2d-v5,friction,13,63172884,MMD_screened,empirical_statistic,0.0,0.8178704861471424,300.0,309.0,True,False,True,9.0,600,False,9,322,3,mmd
Walker2d-v5,friction,14,63173893,CADET_screened,empirical_statistic,0.0,0.9333333333333333,300.0,315.0,True,False,True,15.0,600,False,9,345,3,scale
Walker2d-v5,friction,14,63173893,MMD_screened,empirical_statistic,0.0,0.8230119083469947,300.0,310.0,True,False,True,10.0,600,False,9,323,3,mmd
Walker2d-v5,friction,15,63174902,CADET_screened,empirical_statistic,0.0,0.43102574528080567,300.0,315.0,True,False,True,15.0,600,False,9,351,3,dynamics
Walker2d-v5,friction,15,63174902,MMD_screened,empirical_statistic,0.0,0.11461362454190338,300.0,307.0,True,False,True,7.0,600,False,9,537,3,mmd
Walker2d-v5,friction,16,63175911,CADET_screened,empirical_statistic,0.0,0.5333333333333333,300.0,315.0,True,False,True,15.0,600,False,9,390,3,scale
Walker2d-v5,friction,16,63175911,MMD_screened,empirical_statistic,0.0,0.5302423483219136,300.0,311.0,True,False,True,11.0,600,False,9,322,3,mmd
Walker2d-v5,friction,17,63176920,CADET_screened,empirical_statistic,0.0,0.4666666666666667,300.0,351.0,True,False,True,51.0,600,False,9,585,3,scale
Walker2d-v5,friction,17,63176920,MMD_screened,empirical_statistic,0.0,0.2141586689833661,300.0,447.0,True,False,True,147.0,600,False,9,563,3,mmd
Walker2d-v5,friction,18,63177929,CADET_screened,empirical_statistic,0.0,0.8,300.0,315.0,True,False,True,15.0,600,False,9,405,6,scale
Walker2d-v5,friction,18,63177929,MMD_screened,empirical_statistic,0.0,0.8139276939181539,300.0,306.0,True,False,True,6.0,600,False,9,489,3,mmd
Walker2d-v5,friction,19,63178938,CADET_screened,empirical_statistic,0.0,0.4801058039963515,300.0,315.0,True,False,True,15.0,600,False,9,501,3,dynamics
Walker2d-v5,friction,19,63178938,MMD_screened,empirical_statistic,0.0,0.11602459883923322,300.0,316.0,True,False,True,16.0,600,False,9,321,3,mmd
