env_id,channel,feature_name,allowed_by_name,single_channel_calibration_max,selected,screen_max_statistic,screen_include_regex,screen_exclude_regex,arms,dense_cauchy,dense_cauchy_fraction
HalfCheetah-v5,0,physics_cfrc_norm_resid_00,True,0.0,True,0.85,,,scale+dynamics,False,0.5
HalfCheetah-v5,1,physics_cfrc_norm_resid_01,True,0.0,True,0.85,,,scale+dynamics,False,0.5
HalfCheetah-v5,2,physics_cfrc_norm_resid_02,True,0.0,True,0.85,,,scale+dynamics,False,0.5
HalfCheetah-v5,3,physics_cfrc_norm_resid_03,True,0.0,True,0.85,,,scale+dynamics,False,0.5
HalfCheetah-v5,4,physics_cfrc_norm_resid_04,True,0.7252888441536414,True,0.85,,,scale+dynamics,False,0.5
HalfCheetah-v5,5,physics_cfrc_norm_resid_05,True,0.0,True,0.85,,,scale+dynamics,False,0.5
HalfCheetah-v5,6,physics_cfrc_norm_resid_06,True,0.0,True,0.85,,,scale+dynamics,False,0.5
HalfCheetah-v5,7,physics_cfrc_norm_resid_07,True,0.6702239227334446,True,0.85,,,scale+dynamics,False,0.5
HalfCheetah-v5,8,physics_qfrc_constraint_resid_00,True,0.7619607520041064,True,0.85,,,scale+dynamics,False,0.5
HalfCheetah-v5,9,physics_qfrc_constraint_resid_01,True,0.6582789689076113,True,0.85,,,scale+dynamics,False,0.5
HalfCheetah-v5,10,physics_qfrc_constraint_resid_02,True,0.7647963253870568,True,0.85,,,scale+dynamics,False,0.5
HalfCheetah-v5,11,physics_qfrc_constraint_resid_03,True,0.69412139297024,True,0.85,,,scale+dynamics,False,0.5
HalfCheetah-v5,12,physics_qfrc_constraint_resid_04,True,0.6851922546061309,True,0.85,,,scale+dynamics,False,0.5
HalfCheetah-v5,13,physics_qfrc_constraint_resid_05,True,0.753830760107465,True,0.85,,,scale+dynamics,False,0.5
HalfCheetah-v5,14,physics_qfrc_constraint_resid_06,True,0.6767596908298747,True,0.85,,,scale+dynamics,False,0.5
HalfCheetah-v5,15,physics_qfrc_constraint_resid_07,True,0.7333333333333334,True,0.85,,,scale+dynamics,False,0.5
HalfCheetah-v5,16,physics_qfrc_constraint_resid_08,True,0.6666666666666667,True,0.85,,,scale+dynamics,False,0.5
HalfCheetah-v5,17,physics_qfrc_passive_resid_00,True,0.0,True,0.85,,,scale+dynamics,False,0.5
HalfCheetah-v5,18,physics_qfrc_passive_resid_01,True,0.0,True,0.85,,,scale+dynamics,False,0.5
HalfCheetah-v5,19,physics_qfrc_passive_resid_02,True,0.0,True,0.85,,,scale+dynamics,False,0.5
HalfCheetah-v5,20,physics_qfrc_passive_resid_03,True,0.65025117660386,True,0.85,,,scale+dynamics,False,0.5
HalfCheetah-v5,21,physics_qfrc_passive_resid_04,True,0.7333333333333334,True,0.85,,,scale+dynamics,False,0.5
HalfCheetah-v5,22,physics_qfrc_passive_resid_05,True,0.7228710047336995,True,0.85,,,scale+dynamics,False,0.5
HalfCheetah-v5,23,physics_qfrc_passive_resid_06,True,0.6539008582059336,True,0.85,,,scale+dynamics,False,0.5
HalfCheetah-v5,24,physics_qfrc_passive_resid_07,True,0.6703206573632383,True,0.85,,,scale+dynamics,False,0.5
HalfCheetah-v5,25,physics_qfrc_passive_resid_08,True,0.6823623458188652,True,0.85,,,scale+dynamics,False,0.5
HalfCheetah-v5,26,physics_qacc_resid_00,True,0.7142943442414391,True,0.85,,,scale+dynamics,False,0.5
HalfCheetah-v5,27,physics_qacc_resid_01,True,0.6666666666666666,True,0.85,,,scale+dynamics,False,0.5
HalfCheetah-v5,28,physics_qacc_resid_02,True,0.6809795399445346,True,0.85,,,scale+dynamics,False,0.5
HalfCheetah-v5,29,physics_qacc_resid_03,True,0.6914418306148429,True,0.85,,,scale+dynamics,False,0.5
HalfCheetah-v5,30,physics_qacc_resid_04,True,0.7333333333333334,True,0.85,,,scale+dynamics,False,0.5
HalfCheetah-v5,31,physics_qacc_resid_05,True,0.7456621262927886,True,0.85,,,scale+dynamics,False,0.5
HalfCheetah-v5,32,physics_qacc_resid_06,True,0.8,True,0.85,,,scale+dynamics,False,0.5
HalfCheetah-v5,33,physics_qacc_resid_07,True,0.6959858184102691,True,0.85,,,scale+dynamics,False,0.5
HalfCheetah-v5,34,physics_qacc_resid_08,True,0.7333333333333334,True,0.85,,,scale+dynamics,False,0.5
Walker2d-v5,0,physics_cfrc_norm_resid_00,True,0.0,True,0.85,,,scale+dynamics,False,0.5
Walker2d-v5,1,physics_cfrc_norm_resid_01,True,0.0,True,0.85,,,scale+dynamics,False,0.5
Walker2d-v5,2,physics_cfrc_norm_resid_02,True,0.0,True,0.85,,,scale+dynamics,False,0.5
Walker2d-v5,3,physics_cfrc_norm_resid_03,True,0.0,True,0.85,,,scale+dynamics,False,0.5
Walker2d-v5,4,physics_cfrc_norm_resid_04,True,1.0,False,0.85,,,scale+dynamics,False,0.5
Walker2d-v5,5,physics_cfrc_norm_resid_05,True,0.0,True,0.85,,,scale+dynamics,False,0.5
Walker2d-v5,6,physics_cfrc_norm_resid_06,True,0.0,True,0.85,,,scale+dynamics,False,0.5
Walker2d-v5,7,physics_cfrc_norm_resid_07,True,1.0,False,0.85,,,scale+dynamics,False,0.5
Walker2d-v5,8,physics_qfrc_constraint_resid_00,True,1.0,False,0.85,,,scale+dynamics,False,0.5
Walker2d-v5,9,physics_qfrc_constraint_resid_01,True,1.0,False,0.85,,,scale+dynamics,False,0.5
Walker2d-v5,10,physics_qfrc_constraint_resid_02,True,1.0,False,0.85,,,scale+dynamics,False,0.5
Walker2d-v5,11,physics_qfrc_constraint_resid_03,True,1.0,False,0.85,,,scale+dynamics,False,0.5
Walker2d-v5,12,physics_qfrc_constraint_resid_04,True,1.0,False,0.85,,,scale+dynamics,False,0.5
Walker2d-v5,13,physics_qfrc_constraint_resid_05,True,1.0,False,0.85,,,scale+dynamics,False,0.5
Walker2d-v5,14,physics_qfrc_constraint_resid_06,True,1.0,False,0.85,,,scale+dynamics,False,0.5
Walker2d-v5,15,physics_qfrc_constraint_resid_07,True,1.0,False,0.85,,,scale+dynamics,False,0.5
Walker2d-v5,16,physics_qfrc_constraint_resid_08,True,1.0,False,0.85,,,scale+dynamics,False,0.5
Walker2d-v5,17,physics_qfrc_passive_resid_00,True,0.0,True,0.85,,,scale+dynamics,False,0.5
Walker2d-v5,18,physics_qfrc_passive_resid_01,True,0.0,True,0.85,,,scale+dynamics,False,0.5
Walker2d-v5,19,physics_qfrc_passive_resid_02,True,0.0,True,0.85,,,scale+dynamics,False,0.5
Walker2d-v5,20,physics_qfrc_passive_resid_03,True,1.0,False,0.85,,,scale+dynamics,False,0.5
Walker2d-v5,21,physics_qfrc_passive_resid_04,True,1.0,False,0.85,,,scale+dynamics,False,0.5
Walker2d-v5,22,physics_qfrc_passive_resid_05,True,1.0,False,0.85,,,scale+dynamics,False,0.5
Walker2d-v5,23,physics_qfrc_passive_resid_06,True,1.0,False,0.85,,,scale+dynamics,False,0.5
Walker2d-v5,24,physics_qfrc_passive_resid_07,True,1.0,False,0.85,,,scale+dynamics,False,0.5
Walker2d-v5,25,physics_qfrc_passive_resid_08,True,1.0,False,0.85,,,scale+dynamics,False,0.5
Walker2d-v5,26,physics_qacc_resid_00,True,1.0,False,0.85,,,scale+dynamics,False,0.5
Walker2d-v5,27,physics_qacc_resid_01,True,1.0,False,0.85,,,scale+dynamics,False,0.5
Walker2d-v5,28,physics_qacc_resid_02,True,1.0,False,0.85,,,scale+dynamics,False,0.5
Walker2d-v5,29,physics_qacc_resid_03,True,1.0,False,0.85,,,scale+dynamics,False,0.5
Walker2d-v5,30,physics_qacc_resid_04,True,1.0,False,0.85,,,scale+dynamics,False,0.5
Walker2d-v5,31,physics_qacc_resid_05,True,1.0,False,0.85,,,scale+dynamics,False,0.5
Walker2d-v5,32,physics_qacc_resid_06,True,1.0,False,0.85,,,scale+dynamics,False,0.5
Walker2d-v5,33,physics_qacc_resid_07,True,1.0,False,0.85,,,scale+dynamics,False,0.5
Walker2d-v5,34,physics_qacc_resid_08,True,1.0,False,0.85,,,scale+dynamics,False,0.5
