split,env_id,scenario,run,seed,detector,max_statistic,argmax_time,argmax_channel,argmax_arm,selected_channels
calibration,HalfCheetah-v5,no_shift,0,61000000,CADET_screened,0.7333333333333334,90,21,scale,35
calibration,HalfCheetah-v5,no_shift,0,61000000,MMD_screened,0.5830780864965858,443,20,mmd,35
calibration,HalfCheetah-v5,no_shift,1,61001009,CADET_screened,0.6666666666666666,90,14,scale,35
calibration,HalfCheetah-v5,no_shift,1,61001009,MMD_screened,0.3761327587492571,263,26,mmd,35
calibration,HalfCheetah-v5,no_shift,2,61002018,CADET_screened,0.7333333333333334,225,10,scale,35
calibration,HalfCheetah-v5,no_shift,2,61002018,MMD_screened,1.1563776930555392,587,13,mmd,35
calibration,HalfCheetah-v5,no_shift,3,61003027,CADET_screened,0.6277462385046421,471,4,dynamics,35
calibration,HalfCheetah-v5,no_shift,3,61003027,MMD_screened,0.6518272701160419,571,20,mmd,35
calibration,HalfCheetah-v5,no_shift,4,61004036,CADET_screened,0.6666666666666667,255,34,scale,35
calibration,HalfCheetah-v5,no_shift,4,61004036,MMD_screened,0.7989327612966507,513,20,mmd,35
calibration,HalfCheetah-v5,no_shift,5,61005045,CADET_screened,0.6666666666666667,90,13,scale,35
calibration,HalfCheetah-v5,no_shift,5,61005045,MMD_screened,0.5572610695900118,286,13,mmd,35
calibration,HalfCheetah-v5,no_shift,6,61006054,CADET_screened,0.7333333333333334,435,15,scale,35
calibration,HalfCheetah-v5,no_shift,6,61006054,MMD_screened,0.7956368406078285,467,8,mmd,35
calibration,HalfCheetah-v5,no_shift,7,61007063,CADET_screened,0.6666666666666667,300,34,scale,35
calibration,HalfCheetah-v5,no_shift,7,61007063,MMD_screened,0.2869430745074437,554,12,mmd,35
calibration,HalfCheetah-v5,no_shift,8,61008072,CADET_screened,0.6666666666666667,465,21,scale,35
calibration,HalfCheetah-v5,no_shift,8,61008072,MMD_screened,0.9320159196393216,537,22,mmd,35
calibration,HalfCheetah-v5,no_shift,9,61009081,CADET_screened,0.6380371604473412,471,8,dynamics,35
calibration,HalfCheetah-v5,no_shift,9,61009081,MMD_screened,0.9255806210892141,398,11,mmd,35
calibration,HalfCheetah-v5,no_shift,10,61010090,CADET_screened,0.5962634048695092,201,21,dynamics,35
calibration,HalfCheetah-v5,no_shift,10,61010090,MMD_screened,0.5552940658285687,584,20,mmd,35
calibration,HalfCheetah-v5,no_shift,11,61011099,CADET_screened,0.687968589497377,111,8,dynamics,35
calibration,HalfCheetah-v5,no_shift,11,61011099,MMD_screened,0.9116595802034428,598,20,mmd,35
calibration,HalfCheetah-v5,no_shift,12,61012108,CADET_screened,0.6070311083800386,111,33,dynamics,35
calibration,HalfCheetah-v5,no_shift,12,61012108,MMD_screened,0.5667637678479218,600,14,mmd,35
calibration,HalfCheetah-v5,no_shift,13,61013117,CADET_screened,0.7333333333333334,465,34,scale,35
calibration,HalfCheetah-v5,no_shift,13,61013117,MMD_screened,0.9539385671374567,551,20,mmd,35
calibration,HalfCheetah-v5,no_shift,14,61014126,CADET_screened,0.6141369512849572,531,24,dynamics,35
calibration,HalfCheetah-v5,no_shift,14,61014126,MMD_screened,0.6660739763757525,599,11,mmd,35
calibration,HalfCheetah-v5,no_shift,15,61015135,CADET_screened,0.6982654302098391,321,10,dynamics,35
calibration,HalfCheetah-v5,no_shift,15,61015135,MMD_screened,0.8055196197285485,573,27,mmd,35
calibration,HalfCheetah-v5,no_shift,16,61016144,CADET_screened,0.6205128656618868,261,28,dynamics,35
calibration,HalfCheetah-v5,no_shift,16,61016144,MMD_screened,0.49393776421879854,538,11,mmd,35
calibration,HalfCheetah-v5,no_shift,17,61017153,CADET_screened,0.8,90,32,scale,35
calibration,HalfCheetah-v5,no_shift,17,61017153,MMD_screened,0.3843368239927123,271,22,mmd,35
calibration,HalfCheetah-v5,no_shift,18,61018162,CADET_screened,0.6569608772214953,201,22,dynamics,35
calibration,HalfCheetah-v5,no_shift,18,61018162,MMD_screened,0.7626873565547292,562,26,mmd,35
calibration,HalfCheetah-v5,no_shift,19,61019171,CADET_screened,0.6666666666666667,105,22,scale,35
calibration,HalfCheetah-v5,no_shift,19,61019171,MMD_screened,1.2582431932699585,580,12,mmd,35
heldout,HalfCheetah-v5,no_shift,0,62000000,CADET_screened,0.6587582344080196,591,15,dynamics,35
heldout,HalfCheetah-v5,no_shift,0,62000000,MMD_screened,0.8173917816514347,488,10,mmd,35
heldout,HalfCheetah-v5,no_shift,1,62001009,CADET_screened,0.6809031826156442,231,27,dynamics,35
heldout,HalfCheetah-v5,no_shift,1,62001009,MMD_screened,0.5299318132375549,568,15,mmd,35
heldout,HalfCheetah-v5,no_shift,2,62002018,CADET_screened,0.6666666666666667,90,33,scale,35
heldout,HalfCheetah-v5,no_shift,2,62002018,MMD_screened,0.8018105917272018,359,32,mmd,35
heldout,HalfCheetah-v5,no_shift,3,62003027,CADET_screened,0.8,555,11,scale,35
heldout,HalfCheetah-v5,no_shift,3,62003027,MMD_screened,0.9440137411882297,580,9,mmd,35
heldout,HalfCheetah-v5,no_shift,4,62004036,CADET_screened,0.6180680376233121,111,21,dynamics,35
heldout,HalfCheetah-v5,no_shift,4,62004036,MMD_screened,0.298137079489204,196,13,mmd,35
heldout,HalfCheetah-v5,no_shift,5,62005045,CADET_screened,0.6807041441434846,561,30,dynamics,35
heldout,HalfCheetah-v5,no_shift,5,62005045,MMD_screened,0.6534107768994365,525,21,mmd,35
heldout,HalfCheetah-v5,no_shift,6,62006054,CADET_screened,0.8,285,26,scale,35
heldout,HalfCheetah-v5,no_shift,6,62006054,MMD_screened,0.7878402276396382,543,28,mmd,35
heldout,HalfCheetah-v5,no_shift,7,62007063,CADET_screened,0.6666666666666666,135,10,scale,35
heldout,HalfCheetah-v5,no_shift,7,62007063,MMD_screened,0.49286920556756264,399,9,mmd,35
heldout,HalfCheetah-v5,no_shift,8,62008072,CADET_screened,0.6842896130829526,111,25,dynamics,35
heldout,HalfCheetah-v5,no_shift,8,62008072,MMD_screened,0.6320597179311026,468,26,mmd,35
heldout,HalfCheetah-v5,no_shift,9,62009081,CADET_screened,0.7333333333333334,480,9,scale,35
heldout,HalfCheetah-v5,no_shift,9,62009081,MMD_screened,0.3291259391352773,107,9,mmd,35
heldout,HalfCheetah-v5,no_shift,10,62010090,CADET_screened,0.6277844390912897,531,7,dynamics,35
heldout,HalfCheetah-v5,no_shift,10,62010090,MMD_screened,0.9667367587737387,542,25,mmd,35
heldout,HalfCheetah-v5,no_shift,11,62011099,CADET_screened,0.6666666666666667,225,11,scale,35
heldout,HalfCheetah-v5,no_shift,11,62011099,MMD_screened,0.37134185108555395,564,20,mmd,35
heldout,HalfCheetah-v5,no_shift,12,62012108,CADET_screened,0.6666666666666667,165,34,scale,35
heldout,HalfCheetah-v5,no_shift,12,62012108,MMD_screened,0.399456067542303,561,20,mmd,35
heldout,HalfCheetah-v5,no_shift,13,62013117,CADET_screened,0.6666666666666667,90,22,scale,35
heldout,HalfCheetah-v5,no_shift,13,62013117,MMD_screened,0.7378007672884358,545,7,mmd,35
heldout,HalfCheetah-v5,no_shift,14,62014126,CADET_screened,1.0,540,21,scale,35
heldout,HalfCheetah-v5,no_shift,14,62014126,MMD_screened,0.9011832577663907,540,29,mmd,35
heldout,HalfCheetah-v5,no_shift,15,62015135,CADET_screened,0.6,165,22,scale,35
heldout,HalfCheetah-v5,no_shift,15,62015135,MMD_screened,0.4494103645672066,514,25,mmd,35
heldout,HalfCheetah-v5,no_shift,16,62016144,CADET_screened,0.8,585,31,scale,35
heldout,HalfCheetah-v5,no_shift,16,62016144,MMD_screened,0.9909139073227896,585,20,mmd,35
heldout,HalfCheetah-v5,no_shift,17,62017153,CADET_screened,0.8,345,7,scale,35
heldout,HalfCheetah-v5,no_shift,17,62017153,MMD_screened,0.8107393544956507,561,4,mmd,35
heldout,HalfCheetah-v5,no_shift,18,62018162,CADET_screened,0.6949919202823842,441,14,dynamics,35
heldout,HalfCheetah-v5,no_shift,18,62018162,MMD_screened,0.7929045224213285,521,20,mmd,35
heldout,HalfCheetah-v5,no_shift,19,62019171,CADET_screened,0.6666666666666667,255,26,scale,35
heldout,HalfCheetah-v5,no_shift,19,62019171,MMD_screened,0.8392049001094027,393,14,mmd,35
calibration,Walker2d-v5,no_shift,0,61104729,CADET_screened,0.0,90,0,scale,9
calibration,Walker2d-v5,no_shift,0,61104729,MMD_screened,0.0,95,0,mmd,9
calibration,Walker2d-v5,no_shift,1,61105738,CADET_screened,0.0,90,0,scale,9
calibration,Walker2d-v5,no_shift,1,61105738,MMD_screened,0.0,95,0,mmd,9
calibration,Walker2d-v5,no_shift,2,61106747,CADET_screened,0.0,90,0,scale,9
calibration,Walker2d-v5,no_shift,2,61106747,MMD_screened,0.0,95,0,mmd,9
calibration,Walker2d-v5,no_shift,3,61107756,CADET_screened,0.0,90,0,scale,9
calibration,Walker2d-v5,no_shift,3,61107756,MMD_screened,0.0,95,0,mmd,9
calibration,Walker2d-v5,no_shift,4,61108765,CADET_screened,0.0,90,0,scale,9
calibration,Walker2d-v5,no_shift,4,61108765,MMD_screened,0.0,95,0,mmd,9
calibration,Walker2d-v5,no_shift,5,61109774,CADET_screened,0.0,90,0,scale,9
calibration,Walker2d-v5,no_shift,5,61109774,MMD_screened,0.0,95,0,mmd,9
calibration,Walker2d-v5,no_shift,6,61110783,CADET_screened,0.0,90,0,scale,9
calibration,Walker2d-v5,no_shift,6,61110783,MMD_screened,0.0,95,0,mmd,9
calibration,Walker2d-v5,no_shift,7,61111792,CADET_screened,0.0,90,0,scale,9
calibration,Walker2d-v5,no_shift,7,61111792,MMD_screened,0.0,95,0,mmd,9
calibration,Walker2d-v5,no_shift,8,61112801,CADET_screened,0.0,90,0,scale,9
calibration,Walker2d-v5,no_shift,8,61112801,MMD_screened,0.0,95,0,mmd,9
calibration,Walker2d-v5,no_shift,9,61113810,CADET_screened,0.0,90,0,scale,9
calibration,Walker2d-v5,no_shift,9,61113810,MMD_screened,0.0,95,0,mmd,9
calibration,Walker2d-v5,no_shift,10,61114819,CADET_screened,0.0,90,0,scale,9
calibration,Walker2d-v5,no_shift,10,61114819,MMD_screened,0.0,95,0,mmd,9
calibration,Walker2d-v5,no_shift,11,61115828,CADET_screened,0.0,90,0,scale,9
calibration,Walker2d-v5,no_shift,11,61115828,MMD_screened,0.0,95,0,mmd,9
calibration,Walker2d-v5,no_shift,12,61116837,CADET_screened,0.0,90,0,scale,9
calibration,Walker2d-v5,no_shift,12,61116837,MMD_screened,0.0,95,0,mmd,9
calibration,Walker2d-v5,no_shift,13,61117846,CADET_screened,0.0,90,0,scale,9
calibration,Walker2d-v5,no_shift,13,61117846,MMD_screened,0.0,95,0,mmd,9
calibration,Walker2d-v5,no_shift,14,61118855,CADET_screened,0.0,90,0,scale,9
calibration,Walker2d-v5,no_shift,14,61118855,MMD_screened,0.0,95,0,mmd,9
calibration,Walker2d-v5,no_shift,15,61119864,CADET_screened,0.0,90,0,scale,9
calibration,Walker2d-v5,no_shift,15,61119864,MMD_screened,0.0,95,0,mmd,9
calibration,Walker2d-v5,no_shift,16,61120873,CADET_screened,0.0,90,0,scale,9
calibration,Walker2d-v5,no_shift,16,61120873,MMD_screened,0.0,95,0,mmd,9
calibration,Walker2d-v5,no_shift,17,61121882,CADET_screened,0.0,90,0,scale,9
calibration,Walker2d-v5,no_shift,17,61121882,MMD_screened,0.0,95,0,mmd,9
calibration,Walker2d-v5,no_shift,18,61122891,CADET_screened,0.0,90,0,scale,9
calibration,Walker2d-v5,no_shift,18,61122891,MMD_screened,0.0,95,0,mmd,9
calibration,Walker2d-v5,no_shift,19,61123900,CADET_screened,0.0,90,0,scale,9
calibration,Walker2d-v5,no_shift,19,61123900,MMD_screened,0.0,95,0,mmd,9
heldout,Walker2d-v5,no_shift,0,62104729,CADET_screened,0.0,90,0,scale,9
heldout,Walker2d-v5,no_shift,0,62104729,MMD_screened,0.0,95,0,mmd,9
heldout,Walker2d-v5,no_shift,1,62105738,CADET_screened,0.0,90,0,scale,9
heldout,Walker2d-v5,no_shift,1,62105738,MMD_screened,0.0,95,0,mmd,9
heldout,Walker2d-v5,no_shift,2,62106747,CADET_screened,0.0,90,0,scale,9
heldout,Walker2d-v5,no_shift,2,62106747,MMD_screened,0.0,95,0,mmd,9
heldout,Walker2d-v5,no_shift,3,62107756,CADET_screened,0.0,90,0,scale,9
heldout,Walker2d-v5,no_shift,3,62107756,MMD_screened,0.0,95,0,mmd,9
heldout,Walker2d-v5,no_shift,4,62108765,CADET_screened,0.0,90,0,scale,9
heldout,Walker2d-v5,no_shift,4,62108765,MMD_screened,0.0,95,0,mmd,9
heldout,Walker2d-v5,no_shift,5,62109774,CADET_screened,0.0,90,0,scale,9
heldout,Walker2d-v5,no_shift,5,62109774,MMD_screened,0.0,95,0,mmd,9
heldout,Walker2d-v5,no_shift,6,62110783,CADET_screened,0.0,90,0,scale,9
heldout,Walker2d-v5,no_shift,6,62110783,MMD_screened,0.0,95,0,mmd,9
heldout,Walker2d-v5,no_shift,7,62111792,CADET_screened,0.0,90,0,scale,9
heldout,Walker2d-v5,no_shift,7,62111792,MMD_screened,0.0,95,0,mmd,9
heldout,Walker2d-v5,no_shift,8,62112801,CADET_screened,0.0,90,0,scale,9
heldout,Walker2d-v5,no_shift,8,62112801,MMD_screened,0.0,95,0,mmd,9
heldout,Walker2d-v5,no_shift,9,62113810,CADET_screened,0.0,90,0,scale,9
heldout,Walker2d-v5,no_shift,9,62113810,MMD_screened,0.0,95,0,mmd,9
heldout,Walker2d-v5,no_shift,10,62114819,CADET_screened,0.0,90,0,scale,9
heldout,Walker2d-v5,no_shift,10,62114819,MMD_screened,0.0,95,0,mmd,9
heldout,Walker2d-v5,no_shift,11,62115828,CADET_screened,0.0,90,0,scale,9
heldout,Walker2d-v5,no_shift,11,62115828,MMD_screened,0.0,95,0,mmd,9
heldout,Walker2d-v5,no_shift,12,62116837,CADET_screened,0.0,90,0,scale,9
heldout,Walker2d-v5,no_shift,12,62116837,MMD_screened,0.0,95,0,mmd,9
heldout,Walker2d-v5,no_shift,13,62117846,CADET_screened,0.0,90,0,scale,9
heldout,Walker2d-v5,no_shift,13,62117846,MMD_screened,0.0,95,0,mmd,9
heldout,Walker2d-v5,no_shift,14,62118855,CADET_screened,0.0,90,0,scale,9
heldout,Walker2d-v5,no_shift,14,62118855,MMD_screened,0.0,95,0,mmd,9
heldout,Walker2d-v5,no_shift,15,62119864,CADET_screened,0.0,90,0,scale,9
heldout,Walker2d-v5,no_shift,15,62119864,MMD_screened,0.0,95,0,mmd,9
heldout,Walker2d-v5,no_shift,16,62120873,CADET_screened,0.0,90,0,scale,9
heldout,Walker2d-v5,no_shift,16,62120873,MMD_screened,0.0,95,0,mmd,9
heldout,Walker2d-v5,no_shift,17,62121882,CADET_screened,0.0,90,0,scale,9
heldout,Walker2d-v5,no_shift,17,62121882,MMD_screened,0.0,95,0,mmd,9
heldout,Walker2d-v5,no_shift,18,62122891,CADET_screened,0.0,90,0,scale,9
heldout,Walker2d-v5,no_shift,18,62122891,MMD_screened,0.0,95,0,mmd,9
heldout,Walker2d-v5,no_shift,19,62123900,CADET_screened,0.0,90,0,scale,9
heldout,Walker2d-v5,no_shift,19,62123900,MMD_screened,0.0,95,0,mmd,9
